{
	"credit": "Made with Blockbench",
	"texture_size": [32, 32],
	"textures": {
		"0": "doll",
		"particle": "doll"
	},
	"elements": [
		{
			"from": [4, 0, 8],
			"to": [12, 11, 13],
			"rotation": {"angle": 0, "axis": "y", "origin": [8, 8, 6]},
			"faces": {
				"north": {"uv": [0, 11, 4, 16], "texture": "#0"},
				"east": {"uv": [0, 11, 2, 16], "texture": "#0"},
				"south": {"uv": [0, 11, 4, 16], "texture": "#0"},
				"west": {"uv": [0, 11, 2, 16], "texture": "#0"},
				"up": {"uv": [0, 14, 4, 16], "texture": "#0"},
				"down": {"uv": [0, 14, 4, 16], "texture": "#0"}
			}
		},
		{
			"from": [2, 6, 9],
			"to": [7, 10, 12],
			"rotation": {"angle": 22.5, "axis": "z", "origin": [3, 6, 11]},
			"faces": {
				"north": {"uv": [0, 14.5, 2, 16], "texture": "#0"},
				"east": {"uv": [0, 14.5, 2, 16], "texture": "#0"},
				"south": {"uv": [0, 14.5, 2, 16], "texture": "#0"},
				"west": {"uv": [0, 14.5, 2, 16], "texture": "#0"},
				"up": {"uv": [0, 14, 2, 16], "texture": "#0"},
				"down": {"uv": [0, 14, 2, 16], "texture": "#0"}
			}
		},
		{
			"from": [9, 10, 9],
			"to": [14, 14, 12],
			"rotation": {"angle": -22.5, "axis": "z", "origin": [3, 8, 11]},
			"faces": {
				"north": {"uv": [0, 14.5, 2, 16], "texture": "#0"},
				"east": {"uv": [0, 14.5, 2, 16], "texture": "#0"},
				"south": {"uv": [0, 14.5, 2, 16], "texture": "#0"},
				"west": {"uv": [0, 14.5, 2, 16], "texture": "#0"},
				"up": {"uv": [0, 14, 2, 16], "texture": "#0"},
				"down": {"uv": [0, 14, 2, 16], "texture": "#0"}
			}
		},
		{
			"from": [-0.5, 6.25, 6],
			"to": [2.5, 9.25, 11],
			"rotation": {"angle": 22.5, "axis": "y", "origin": [0, 8, 8]},
			"faces": {
				"north": {"uv": [4, 14.5, 5.5, 16], "texture": "#0"},
				"east": {"uv": [4, 14.5, 6.5, 16], "texture": "#0"},
				"south": {"uv": [4, 14.5, 5.5, 16], "texture": "#0"},
				"west": {"uv": [4, 14.5, 6.5, 16], "texture": "#0"},
				"up": {"uv": [4, 14.5, 6.5, 16], "rotation": 90, "texture": "#0"},
				"down": {"uv": [4, 14.5, 6.5, 16], "rotation": 270, "texture": "#0"}
			}
		},
		{
			"from": [12, 6.25, 0],
			"to": [15, 9.25, 5],
			"rotation": {"angle": -22.5, "axis": "y", "origin": [0, 8, 9]},
			"faces": {
				"north": {"uv": [4, 14.5, 5.5, 16], "texture": "#0"},
				"east": {"uv": [4, 14.5, 6.5, 16], "texture": "#0"},
				"south": {"uv": [4, 14.5, 5.5, 16], "texture": "#0"},
				"west": {"uv": [4, 14.5, 6.5, 16], "texture": "#0"},
				"up": {"uv": [4, 14.5, 6.5, 16], "rotation": 90, "texture": "#0"},
				"down": {"uv": [4, 14.5, 6.5, 16], "rotation": 270, "texture": "#0"}
			}
		},
		{
			"from": [3.75, 10.75, 6],
			"to": [12.25, 19.25, 14.5],
			"rotation": {"angle": 0, "axis": "y", "origin": [8, 8, 6]},
			"faces": {
				"north": {"uv": [4, 7, 8, 11], "texture": "#0"},
				"east": {"uv": [0, 7, 4, 11], "texture": "#0"},
				"south": {"uv": [0, 4, 0.5, 4.5], "texture": "#0"},
				"west": {"uv": [8, 7, 12, 11], "texture": "#0"},
				"up": {"uv": [12, 4, 16, 8], "texture": "#0"},
				"down": {"uv": [0, 4, 0.5, 4.5], "texture": "#0"}
			}
		},
		{
			"from": [4, 11, 6.25],
			"to": [12, 19, 14.25],
			"rotation": {"angle": 0, "axis": "y", "origin": [8, 8, 6]},
			"faces": {
				"north": {"uv": [0, 0, 4, 4], "texture": "#0"},
				"east": {"uv": [4, 0, 8, 4], "texture": "#0"},
				"south": {"uv": [4, 0, 8, 4], "texture": "#0"},
				"west": {"uv": [4, 0, 8, 4], "texture": "#0"},
				"up": {"uv": [8, 0, 12, 4], "texture": "#0"},
				"down": {"uv": [12, 0, 16, 4], "texture": "#0"}
			}
		},
		{
			"from": [1.5, 15, 10],
			"to": [7.5, 20, 10],
			"rotation": {"angle": -45, "axis": "z", "origin": [6, 19, 10]},
			"faces": {
				"north": {"uv": [10.5, 13, 13, 16], "rotation": 270, "texture": "#0"},
				"east": {"uv": [5.5, 0, 8, 0], "rotation": 270, "texture": "#0"},
				"south": {"uv": [8, 13, 10.5, 16], "rotation": 270, "texture": "#0"},
				"west": {"uv": [5.5, 0, 8, 0], "rotation": 270, "texture": "#0"},
				"up": {"uv": [5.5, 0, 5.5, 3], "rotation": 270, "texture": "#0"},
				"down": {"uv": [5.5, 0, 5.5, 3], "rotation": 270, "texture": "#0"}
			}
		},
		{
			"from": [8, 20.5, 10],
			"to": [13, 26.5, 10],
			"rotation": {"angle": -45, "axis": "z", "origin": [6, 19, 10]},
			"faces": {
				"north": {"uv": [10.5, 13, 13, 16], "rotation": 180, "texture": "#0"},
				"east": {"uv": [5.5, 0, 5.5, 3], "texture": "#0"},
				"south": {"uv": [8, 13, 10.5, 16], "texture": "#0"},
				"west": {"uv": [5.5, 0, 5.5, 3], "texture": "#0"},
				"up": {"uv": [5.5, 0, 8, 0], "texture": "#0"},
				"down": {"uv": [5.5, 0, 8, 0], "texture": "#0"}
			}
		},
		{
			"from": [4, 0, 7],
			"to": [12, 3, 8],
			"rotation": {"angle": 0, "axis": "y", "origin": [8, 8, 6]},
			"faces": {
				"north": {"uv": [12, 11.5, 16, 13], "texture": "#0"},
				"east": {"uv": [15.5, 8, 16, 9.5], "texture": "#0"},
				"south": {"uv": [12, 11.5, 16, 13], "texture": "#0"},
				"west": {"uv": [15.5, 8, 16, 9.5], "texture": "#0"},
				"up": {"uv": [12.5, 12, 16, 12.5], "texture": "#0"},
				"down": {"uv": [12.5, 12.5, 16, 13], "texture": "#0"}
			}
		},
		{
			"from": [8, 0, 0],
			"to": [12, 3, 7],
			"rotation": {"angle": -22.5, "axis": "y", "origin": [8, 8, 7]},
			"faces": {
				"north": {"uv": [14.5, 11.5, 16, 13], "texture": "#0"},
				"east": {"uv": [12.5, 8, 16, 9.5], "texture": "#0"},
				"south": {"uv": [14.5, 11.5, 16, 13], "texture": "#0"},
				"west": {"uv": [12.5, 11.5, 16, 13], "texture": "#0"},
				"up": {"uv": [14.5, 9.5, 16, 13], "texture": "#0"},
				"down": {"uv": [14.5, 9.5, 16, 13], "texture": "#0"}
			}
		},
		{
			"from": [4, 0, 0],
			"to": [8, 3, 7],
			"rotation": {"angle": 22.5, "axis": "y", "origin": [8, 8, 7]},
			"faces": {
				"north": {"uv": [14.5, 11.5, 16, 13], "texture": "#0"},
				"east": {"uv": [12.5, 11.5, 16, 13], "texture": "#0"},
				"south": {"uv": [14.5, 11.5, 16, 13], "texture": "#0"},
				"west": {"uv": [12.5, 8, 16, 9.5], "texture": "#0"},
				"up": {"uv": [14.5, 9.5, 16, 13], "texture": "#0"},
				"down": {"uv": [14.5, 9.5, 16, 13], "texture": "#0"}
			}
		},
		{
			"from": [4.25, 0.25, -0.75],
			"to": [6.75, 2.75, -0.25],
			"rotation": {"angle": 22.5, "axis": "y", "origin": [8, 8, 5.5]},
			"faces": {
				"north": {"uv": [4, 14.5, 5.5, 16], "texture": "#0"},
				"east": {"uv": [4, 14.5, 5.5, 16], "texture": "#0"},
				"south": {"uv": [4, 14.5, 5.5, 16], "texture": "#0"},
				"west": {"uv": [4, 14.5, 5.5, 16], "texture": "#0"},
				"up": {"uv": [4, 14.5, 5.5, 16], "texture": "#0"},
				"down": {"uv": [4, 14.5, 5.5, 16], "texture": "#0"}
			}
		},
		{
			"from": [9.25, 0.25, -0.75],
			"to": [11.75, 2.75, -0.25],
			"rotation": {"angle": -22.5, "axis": "y", "origin": [8, 8, 5.5]},
			"faces": {
				"north": {"uv": [4, 14.5, 5.5, 16], "texture": "#0"},
				"east": {"uv": [4, 14.5, 5.5, 16], "texture": "#0"},
				"south": {"uv": [4, 14.5, 5.5, 16], "texture": "#0"},
				"west": {"uv": [4, 14.5, 5.5, 16], "texture": "#0"},
				"up": {"uv": [4, 14.5, 5.5, 16], "texture": "#0"},
				"down": {"uv": [4, 14.5, 5.5, 16], "texture": "#0"}
			}
		},
		{
			"from": [7, 0, 13],
			"to": [9, 2, 16],
			"rotation": {"angle": 0, "axis": "x", "origin": [8.02356, -0.00957, 13.486]},
			"faces": {
				"north": {"uv": [4, 15, 5, 16], "texture": "#0"},
				"east": {"uv": [4, 15, 5, 16], "texture": "#0"},
				"south": {"uv": [4, 15, 5, 16], "texture": "#0"},
				"west": {"uv": [4, 15, 5, 16], "texture": "#0"},
				"up": {"uv": [4, 15, 5, 16], "texture": "#0"},
				"down": {"uv": [4, 15, 5, 16], "texture": "#0"}
			}
		},
		{
			"from": [7, 1, 15],
			"to": [9, 3, 18],
			"faces": {
				"north": {"uv": [4, 14.5, 5.5, 16], "texture": "#0"},
				"east": {"uv": [4, 14.5, 5.5, 16], "texture": "#0"},
				"south": {"uv": [4, 14.5, 5.5, 16], "texture": "#0"},
				"west": {"uv": [4, 14.5, 5.5, 16], "texture": "#0"},
				"up": {"uv": [4, 14.5, 5.5, 16], "texture": "#0"},
				"down": {"uv": [4, 14.5, 5.5, 16], "texture": "#0"}
			}
		},
		{
			"from": [7, 2, 17],
			"to": [9, 7, 19],
			"faces": {
				"north": {"uv": [4, 14.5, 5.5, 16], "texture": "#0"},
				"east": {"uv": [4, 14.5, 5.5, 16], "texture": "#0"},
				"south": {"uv": [4, 14.5, 5.5, 16], "texture": "#0"},
				"west": {"uv": [4, 14.5, 5.5, 16], "texture": "#0"},
				"up": {"uv": [4, 14.5, 5.5, 16], "texture": "#0"},
				"down": {"uv": [4, 14.5, 5.5, 16], "texture": "#0"}
			}
		},
		{
			"from": [7, 6, 16],
			"to": [9, 10, 18],
			"faces": {
				"north": {"uv": [4, 14.5, 5.5, 16], "texture": "#0"},
				"east": {"uv": [4, 14.5, 5.5, 16], "texture": "#0"},
				"south": {"uv": [4, 14.5, 5.5, 16], "texture": "#0"},
				"west": {"uv": [4, 14.5, 5.5, 16], "texture": "#0"},
				"up": {"uv": [4, 14.5, 5.5, 16], "texture": "#0"},
				"down": {"uv": [4, 14.5, 5.5, 16], "texture": "#0"}
			}
		},
		{
			"from": [7, 9, 15],
			"to": [9, 14, 17],
			"rotation": {"angle": 0, "axis": "y", "origin": [8, 9, 8]},
			"faces": {
				"north": {"uv": [4, 14.5, 5.5, 16], "texture": "#0"},
				"east": {"uv": [4, 14.5, 5.5, 16], "texture": "#0"},
				"south": {"uv": [4, 14.5, 5.5, 16], "texture": "#0"},
				"west": {"uv": [4, 14.5, 5.5, 16], "texture": "#0"},
				"up": {"uv": [4, 14.5, 5.5, 16], "texture": "#0"},
				"down": {"uv": [4, 14.5, 5.5, 16], "texture": "#0"}
			}
		},
		{
			"from": [7, 13, 16],
			"to": [9, 16, 18],
			"rotation": {"angle": 0, "axis": "y", "origin": [8, 9, 8]},
			"faces": {
				"north": {"uv": [4, 14.5, 5.5, 16], "texture": "#0"},
				"east": {"uv": [4, 14.5, 5.5, 16], "texture": "#0"},
				"south": {"uv": [4, 14.5, 5.5, 16], "texture": "#0"},
				"west": {"uv": [4, 14.5, 5.5, 16], "texture": "#0"},
				"up": {"uv": [4, 14.5, 5.5, 16], "texture": "#0"},
				"down": {"uv": [4, 14.5, 5.5, 16], "texture": "#0"}
			}
		},
		{
			"from": [7, 15, 17],
			"to": [9, 17, 19],
			"rotation": {"angle": 0, "axis": "y", "origin": [8, 9, 8]},
			"faces": {
				"north": {"uv": [4, 14.5, 5.5, 16], "texture": "#0"},
				"east": {"uv": [4, 14.5, 5.5, 16], "texture": "#0"},
				"south": {"uv": [4, 14.5, 5.5, 16], "texture": "#0"},
				"west": {"uv": [4, 14.5, 5.5, 16], "texture": "#0"},
				"up": {"uv": [4, 14.5, 5.5, 16], "texture": "#0"},
				"down": {"uv": [4, 14.5, 5.5, 16], "texture": "#0"}
			}
		}
	],
	"display": {
		"thirdperson_righthand": {
			"rotation": [78.5, 0, 0],
			"translation": [-3.5, 2.75, 3],
			"scale": [0.67, 0.67, 0.67]
		},
		"thirdperson_lefthand": {
			"rotation": [78.5, 0, 0],
			"translation": [-3.5, 2.75, 3],
			"scale": [0.67, 0.67, 0.67]
		},
		"firstperson_righthand": {
			"rotation": [0, 135, 0],
			"scale": [0.67, 0.67, 0.66]
		},
		"firstperson_lefthand": {
			"rotation": [0, 135, 0],
			"scale": [0.67, 0.67, 0.66]
		},
		"ground": {
			"scale": [0.5, 0.5, 0.5]
		},
		"gui": {
			"rotation": [15, 135, 0],
			"translation": [0, -1.25, 0],
			"scale": [0.67, 0.67, 0.67]
		},
		"head": {
			"translation": [0, 14.5, -1]
		},
		"fixed": {
			"translation": [0, -1.75, -3.75],
			"scale": [0.8, 0.8, 0.8]
		}
	},
	"groups": [0, 1, 2, 3, 4, 5, 6, 7, 8, 9, 10, 11, 12, 13,
		{
			"name": "group",
			"origin": [8, 8, 8],
			"children": [14, 15, 16, 17, 18, 19, 20]
		}
	]
}