{
	"credit": "Made with Blockbench",
	"textures": {
		"0": "switch",
		"particle": "switch"
	},
	"elements": [
		{
			"name": "tablet",
			"from": [7, 0, 1],
			"to": [9, 8, 15],
			"faces": {
				"north": {"uv": [8.5, 0, 9.5, 4.5], "texture": "#0"},
				"east": {"uv": [9, 0, 16, 4], "texture": "#0"},
				"south": {"uv": [8.5, 0, 9.5, 4.5], "texture": "#0"},
				"west": {"uv": [9, 4, 16, 8], "texture": "#0"},
				"up": {"uv": [9, 3.5, 16, 4.5], "rotation": 180, "texture": "#0"},
				"down": {"uv": [9, 3.5, 16, 4.5], "rotation": 180, "texture": "#0"}
			}
		},
		{
			"name": "joyconA1",
			"from": [7, 0, 15],
			"to": [9, 8, 17],
			"faces": {
				"north": {"uv": [2.5, 0, 3.5, 4], "texture": "#0"},
				"east": {"uv": [4, 0, 5, 4], "texture": "#0"},
				"south": {"uv": [2.5, 0, 3.5, 4], "texture": "#0"},
				"west": {"uv": [2.5, 0, 3.5, 4], "texture": "#0"},
				"up": {"uv": [2.5, 4, 3.5, 5], "rotation": 180, "texture": "#0"},
				"down": {"uv": [2.5, 3, 3.5, 4], "rotation": 180, "texture": "#0"}
			}
		},
		{
			"name": "joyconA2",
			"from": [7, 1, 17],
			"to": [9, 7, 18],
			"faces": {
				"north": {"uv": [2.5, 0.5, 3.5, 3.5], "texture": "#0"},
				"east": {"uv": [3.5, 0.5, 4, 3.5], "texture": "#0"},
				"south": {"uv": [2.5, 0.5, 3.5, 3.5], "texture": "#0"},
				"west": {"uv": [3, 0.5, 3.5, 3.5], "texture": "#0"},
				"up": {"uv": [2.5, 5, 3.5, 5.5], "rotation": 180, "texture": "#0"},
				"down": {"uv": [2.5, 3.5, 3.5, 4], "rotation": 180, "texture": "#0"}
			}
		},
		{
			"name": "joyconA3",
			"from": [8.5, 6, 16],
			"to": [9.5, 7, 17],
			"faces": {
				"north": {"uv": [0.5, 4, 1.5, 5], "texture": "#0"},
				"east": {"uv": [0.5, 4, 1.5, 5], "texture": "#0"},
				"south": {"uv": [0.5, 4, 1.5, 5], "texture": "#0"},
				"west": {"uv": [0.5, 4, 1.5, 5], "texture": "#0"},
				"up": {"uv": [0.5, 4, 1.5, 5], "rotation": 180, "texture": "#0"},
				"down": {"uv": [0.5, 4, 1.5, 5], "rotation": 180, "texture": "#0"}
			}
		},
		{
			"name": "joyconB1",
			"from": [7, 0, -1],
			"to": [9, 8, 1],
			"faces": {
				"north": {"uv": [1.5, 0, 2.5, 4], "texture": "#0"},
				"east": {"uv": [0, 0, 1, 4], "texture": "#0"},
				"south": {"uv": [1.5, 0, 2.5, 4], "texture": "#0"},
				"west": {"uv": [1.5, 0, 2.5, 4], "texture": "#0"},
				"up": {"uv": [0.5, 4, 1.5, 5], "rotation": 180, "texture": "#0"},
				"down": {"uv": [1.5, 3, 2.5, 4], "rotation": 180, "texture": "#0"}
			}
		},
		{
			"name": "joyconB2",
			"from": [7, 1, -2],
			"to": [9, 7, -1],
			"faces": {
				"north": {"uv": [1.5, 0.5, 2.5, 3.5], "texture": "#0"},
				"east": {"uv": [1, 0.5, 1.5, 3.5], "texture": "#0"},
				"south": {"uv": [1.5, 0.5, 2.5, 3.5], "texture": "#0"},
				"west": {"uv": [2, 0.5, 2.5, 3.5], "texture": "#0"},
				"up": {"uv": [0.5, 5, 1.5, 5.5], "rotation": 180, "texture": "#0"},
				"down": {"uv": [1.5, 3, 2, 4], "rotation": 180, "texture": "#0"}
			}
		},
		{
			"name": "joyconB3",
			"from": [7.5, 3, -1],
			"to": [9.5, 4, 0],
			"faces": {
				"north": {"uv": [0.5, 4, 1.5, 5], "texture": "#0"},
				"east": {"uv": [0.5, 4, 1.5, 5], "texture": "#0"},
				"south": {"uv": [0.5, 4, 1.5, 5], "texture": "#0"},
				"west": {"uv": [0.5, 4, 1.5, 5], "texture": "#0"},
				"up": {"uv": [0.5, 4, 1.5, 5], "rotation": 180, "texture": "#0"},
				"down": {"uv": [0.5, 4, 1.5, 5], "rotation": 180, "texture": "#0"}
			}
		}
	],
	"display": {
		"thirdperson_righthand": {
			"rotation": [109, -90, 75],
			"translation": [-6, 2.75, 3.5],
			"scale": [0.66, 0.66, 0.66]
		},
		"firstperson_righthand": {
			"rotation": [-20, -90, 0],
			"translation": [-8.25, 3.25, -2.75]
		},
		"ground": {
			"scale": [0.66, 0.66, 0.66]
		},
		"fixed": {
			"rotation": [90, 90, -90],
			"translation": [0, 3.75, -0.5],
			"scale": [0.9, 0.9, 0.9]
		}
	}
}