{
	"credit": "Made with Blockbench",
	"ambientocclusion": false,
	"textures": {
		"texture": "block/ladder",
		"particle": "block/ladder"
	},
	"elements": [
		{
			"from": [12, 0, 13.8],
			"to": [14, 16, 15.8],
			"faces": {
				"north": {"uv": [2, 0, 4, 16], "texture": "#texture"},
				"east": {"uv": [2, 0, 4, 16], "texture": "#texture"},
				"south": {"uv": [2, 0, 4, 16], "texture": "#texture"},
				"west": {"uv": [2, 0, 4, 16], "texture": "#texture"},
				"up": {"uv": [2, 1, 4, 3], "texture": "#texture"},
				"down": {"uv": [2, 13, 4, 15], "texture": "#texture"}
			}
		},
		{
			"from": [2, 0, 13.8],
			"to": [4, 16, 15.8],
			"faces": {
				"north": {"uv": [2, 0, 4, 16], "texture": "#texture"},
				"east": {"uv": [2, 0, 4, 16], "texture": "#texture"},
				"south": {"uv": [2, 0, 4, 16], "texture": "#texture"},
				"west": {"uv": [2, 0, 4, 16], "texture": "#texture"},
				"up": {"uv": [2, 1, 4, 3], "texture": "#texture"},
				"down": {"uv": [2, 13, 4, 15], "texture": "#texture"}
			}
		},
		{
			"from": [1, 13, 14.4],
			"to": [15, 15, 15.4],
			"faces": {
				"north": {"uv": [1, 1, 15, 3], "texture": "#texture"},
				"east": {"uv": [14, 1, 15, 3], "texture": "#texture"},
				"south": {"uv": [1, 1, 15, 3], "texture": "#texture"},
				"west": {"uv": [1, 1, 2, 3], "texture": "#texture"},
				"up": {"uv": [1, 1, 15, 2], "texture": "#texture"},
				"down": {"uv": [1, 2, 15, 3], "texture": "#texture"}
			}
		},
		{
			"from": [1, 9, 14.4],
			"to": [15, 11, 15.4],
			"faces": {
				"north": {"uv": [1, 5, 15, 7], "texture": "#texture"},
				"east": {"uv": [1, 5, 2, 7], "texture": "#texture"},
				"south": {"uv": [1, 5, 15, 7], "texture": "#texture"},
				"west": {"uv": [14, 5, 15, 7], "texture": "#texture"},
				"up": {"uv": [1, 5, 15, 6], "texture": "#texture"},
				"down": {"uv": [1, 6, 15, 7], "texture": "#texture"}
			}
		},
		{
			"from": [1, 5, 14.4],
			"to": [15, 7, 15.4],
			"faces": {
				"north": {"uv": [1, 9, 15, 11], "texture": "#texture"},
				"east": {"uv": [14, 9, 15, 11], "texture": "#texture"},
				"south": {"uv": [1, 9, 15, 11], "texture": "#texture"},
				"west": {"uv": [1, 9, 2, 11], "texture": "#texture"},
				"up": {"uv": [1, 9, 15, 10], "texture": "#texture"},
				"down": {"uv": [1, 10, 15, 11], "texture": "#texture"}
			}
		},
		{
			"from": [1, 1, 14.4],
			"to": [15, 3, 15.4],
			"faces": {
				"north": {"uv": [1, 13, 15, 15], "texture": "#texture"},
				"east": {"uv": [14, 13, 15, 15], "texture": "#texture"},
				"south": {"uv": [1, 13, 15, 15], "texture": "#texture"},
				"west": {"uv": [1, 13, 2, 15], "texture": "#texture"},
				"up": {"uv": [1, 13, 15, 14], "texture": "#texture"},
				"down": {"uv": [1, 14, 15, 15], "texture": "#texture"}
			}
		}
	],
	"display": {
		"thirdperson_righthand": {
			"translation": [0, 1.25, -2.25],
			"scale": [0.5, 0.5, 0.5]
		},
		"thirdperson_lefthand": {
			"translation": [0, 1.25, -2.25],
			"scale": [0.5, 0.5, 0.5]
		},
		"firstperson_righthand": {
			"rotation": [0, -25, 0],
			"translation": [1, 2.5, -1.5],
			"scale": [0.5, 0.5, 0.5]
		},
		"firstperson_lefthand": {
			"rotation": [0, -25, 0],
			"translation": [0.25, 2.5, -1],
			"scale": [0.5, 0.5, 0.5]
		},
		"ground": {
			"translation": [0, 0, -3.5],
			"scale": [0.5, 0.5, 0.5]
		},
		"gui": {
			"translation": [0, 0.5, 0]
		},
		"head": {
			"scale": [0, 0, 0]
		},
		"fixed": {
			"translation": [0, 0, -7.25]
		}
	}
}