{
	"credit": "Made with Blockbench",
	"textures": {
		"particle": "#texture"
	},
	"elements": [
		{
			"from": [5, 0, 5],
			"to": [11, 1, 11],
			"faces": {
				"north": {"uv": [5, 14, 11, 15], "texture": "#texture"},
				"east": {"uv": [5, 14, 11, 15], "texture": "#texture"},
				"south": {"uv": [5, 14, 11, 15], "texture": "#texture"},
				"west": {"uv": [5, 14, 11, 15], "texture": "#texture"},
				"up": {"uv": [5, 11, 11, 5], "texture": "#texture"},
				"down": {"uv": [5, 5, 11, 11], "texture": "#texture", "cullface": "down"}
			}
		}
	]
}