{
	"credit": "Made with Blockbench",
	"textures": {
		"particle": "#texture"
	},
	"elements": [
		{
			"from": [5, 0, 5],
			"to": [11, 2, 11],
			"faces": {
				"north": {"uv": [5, 14, 11, 16], "texture": "#texture"},
				"east": {"uv": [5, 14, 11, 16], "texture": "#texture"},
				"south": {"uv": [5, 14, 11, 16], "texture": "#texture"},
				"west": {"uv": [5, 14, 11, 16], "texture": "#texture"},
				"up": {"uv": [5, 11, 11, 5], "texture": "#texture"},
				"down": {"uv": [5, 5, 11, 11], "texture": "#texture", "cullface": "down"}
			}
		}
	],
	"display": {
		"thirdperson_righthand": {
			"rotation": [90, 0, 0],
			"translation": [0, 1, 4.5],
			"scale": [0.45, 0.45, 0.45]
		}
	}
}