{
	"credit": "Made with Blockbench",
	"parent": "block/block",
	"textures": {
		"particle": "#texture"
	},
	"elements": [
		{
			"from": [5, 6, 5],
			"to": [11, 10, 11],
			"faces": {
				"north": {"uv": [5, 12, 11, 16], "texture": "#texture"},
				"east": {"uv": [5, 12, 11, 16], "texture": "#texture"},
				"south": {"uv": [5, 12, 11, 16], "texture": "#texture"},
				"west": {"uv": [5, 12, 11, 16], "texture": "#texture"},
				"up": {"uv": [5, 11, 11, 5], "texture": "#texture"},
				"down": {"uv": [5, 5, 11, 11], "texture": "#texture"}
			}
		}
	],
	"display": {
		"thirdperson_righthand": {
			"translation": [0, 0.25, 0],
			"scale": [0.33, 0.33, 0.33]
		},
		"thirdperson_lefthand": {
			"translation": [0, 0.25, 0],
			"scale": [0.33, 0.33, 0.33]
		},
		"firstperson_righthand": {
			"rotation": [67, 0, 0],
			"scale": [0.33, 0.33, 0.33]
		},
		"firstperson_lefthand": {
			"rotation": [67, 0, 0],
			"scale": [0.33, 0.33, 0.33]
		},
		"ground": {
			"translation": [0, -1.5, 0],
			"scale": [0.33, 0.33, 0.33]
		},
		"gui": {
			"rotation": [25, 45, 0]
		}
	}
}