{
	"credit": "Made with Blockbench",
	"textures": {
		"0": "block/smooth_stone",
		"2": "door_tr",
		"particle": "door_tr"
	},
	"elements": [
		{
			"from": [0, 0, 0],
			"to": [16, 16, 16],
			"faces": {
				"north": {"uv": [0, 0, 16, 16], "texture": "#2"},
				"east": {"uv": [0, 0, 16, 16], "texture": "#2"},
				"south": {"uv": [0, 0, 16, 16], "texture": "#2"},
				"west": {"uv": [0, 0, 16, 16], "texture": "#2"},
				"up": {"uv": [0, 0, 16, 16], "texture": "#0"},
				"down": {"uv": [0, 0, 16, 16], "texture": "#0"}
			}
		}
	],
	"display": {
		"thirdperson_righthand": {
			"rotation": [60, 0, 0],
			"translation": [0, 2.25, 2.5],
			"scale": [0.33, 0.33, 0.33]
		},
		"thirdperson_lefthand": {
			"rotation": [60, 0, 0],
			"translation": [0, 2.25, 2.5],
			"scale": [0.33, 0.33, 0.33]
		},
		"firstperson_righthand": {
			"rotation": [-5, 3, 0],
			"translation": [-3.75, 3.75, 4.5],
			"scale": [0.25, 0.25, 0.24]
		},
		"firstperson_lefthand": {
			"rotation": [-5, 3, 0],
			"translation": [-3.75, 3.75, 4.5],
			"scale": [0.25, 0.25, 0.24]
		},
		"ground": {
			"scale": [0.25, 0.25, 0.25]
		},
		"fixed": {
			"scale": [0.5, 0.5, 0.5]
		}
	}
}