{
	"credit": "Made with Blockbench",
	"parent": "block/block",
	"textures": {
		"0": "block/bookshelf",
		"particle": "block/bookshelf"
	},
	"elements": [
		{
			"from": [5, 0, 9],
			"to": [7, 0.5, 14],
			"rotation": {"angle": 0, "axis": "y", "origin": [10, 0, 2]},
			"faces": {
				"north": {"uv": [5, 13, 7, 14], "rotation": 180, "texture": "#0"},
				"east": {"uv": [5, 9, 6, 14], "rotation": 90, "texture": "#0"},
				"south": {"uv": [5, 9, 7, 10], "texture": "#0"},
				"west": {"uv": [6, 9, 7, 14], "rotation": 270, "texture": "#0"},
				"up": {"uv": [5, 9, 7, 14], "texture": "#0"},
				"down": {"uv": [5, 9, 7, 14], "rotation": 180, "texture": "#0"}
			}
		}
	],
	"display": {
		"thirdperson_righthand": {
			"rotation": [90, 0, 0],
			"translation": [1, 2.5, 4.75],
			"scale": [0.5, 0.5, 0.5]
		},
		"thirdperson_lefthand": {
			"rotation": [90, 0, 0],
			"translation": [1, 2.5, 4.75],
			"scale": [0.5, 0.5, 0.5]
		},
		"firstperson_righthand": {
			"rotation": [90, 0, 0],
			"translation": [1, 2.5, 4.75],
			"scale": [0.5, 0.5, 0.5]
		},
		"firstperson_lefthand": {
			"rotation": [90, 0, 0],
			"translation": [1, 2.5, 4.75],
			"scale": [0.5, 0.5, 0.5]
		},
		"ground": {
			"translation": [1, 0.25, -1.5],
			"scale": [0.5, 0.5, 0.5]
		},
		"gui": {
			"rotation": [25, 45, 0],
			"translation": [-1, 7.75, 0]
		},
		"head": {
			"scale": [0, 0, 0]
		},
		"fixed": {
			"rotation": [90, 0, 0],
			"translation": [2.75, 3, 7.5]
		}
	}
}