{
	"credit": "Made with Blockbench",
	"ambientocclusion": false,
	"textures": {
		"lever": "block/quartz_block_bottom",
		"particle": "block/quartz_block_bottom"
	},
	"elements": [
		{
			"from": [6, 0, 4],
			"to": [10, 2, 11],
			"faces": {
				"north": {"uv": [5, 9, 10, 12], "texture": "#lever"},
				"east": {"uv": [5, 5, 10, 8], "texture": "#lever"},
				"south": {"uv": [5, 5, 10, 8], "texture": "#lever"},
				"west": {"uv": [7, 9, 13, 12], "texture": "#lever"},
				"up": {"uv": [6, 5, 10, 12], "texture": "#lever"},
				"down": {"uv": [6, 5, 10, 12], "texture": "#lever"}
			}
		},
		{
			"from": [7.5, 1, 7],
			"to": [8.5, 5, 8],
			"rotation": {"angle": -45, "axis": "x", "origin": [8, 1, 8]},
			"faces": {
				"north": {"uv": [7, 6, 8, 10], "texture": "#lever"},
				"east": {"uv": [7, 6, 8, 10], "texture": "#lever"},
				"south": {"uv": [7, 6, 8, 10], "texture": "#lever"},
				"west": {"uv": [7, 6, 8, 10], "texture": "#lever"},
				"up": {"uv": [7, 9, 8, 10], "texture": "#lever"},
				"down": {"uv": [7, 8, 8, 9], "texture": "#lever"}
			}
		}
	],
	"display": {
		"thirdperson_righthand": {
			"rotation": [90, 0, 0],
			"translation": [0, 0.75, 4.5],
			"scale": [0.5, 0.5, 0.5]
		},
		"thirdperson_lefthand": {
			"rotation": [90, 0, 0],
			"translation": [0, 0.75, 4.5],
			"scale": [0.5, 0.5, 0.5]
		},
		"firstperson_righthand": {
			"rotation": [66, 0, 0],
			"translation": [0, 2.5, 4.5],
			"scale": [0.5, 0.5, 0.5]
		},
		"firstperson_lefthand": {
			"rotation": [66, 0, 0],
			"translation": [0, 2.5, 4.5],
			"scale": [0.5, 0.5, 0.5]
		},
		"ground": {
			"translation": [0, 0.75, 0],
			"scale": [0.5, 0.5, 0.5]
		},
		"gui": {
			"rotation": [26, 135, 0],
			"translation": [0.75, 8.5, 0],
			"scale": [1.5, 1.5, 1.5]
		}
	}
}