{
	"credit": "Made with Blockbench",
	"ambientocclusion": false,
	"textures": {
		"particle": "block/redstone_torch",
		"torch": "block/redstone_torch"
	},
	"elements": [
		{
			"from": [7, 0, 7],
			"to": [9, 10, 9],
			"shade": false,
			"faces": {
				"north": {"uv": [7, 6, 9, 16], "texture": "#torch"},
				"east": {"uv": [7, 6, 9, 16], "texture": "#torch"},
				"south": {"uv": [7, 6, 9, 16], "texture": "#torch"},
				"west": {"uv": [7, 6, 9, 16], "texture": "#torch"},
				"up": {"uv": [7, 6, 9, 8], "texture": "#torch"},
				"down": {"uv": [7, 13, 9, 15], "texture": "#torch"}
			}
		},
		{
			"from": [6, 8, 6],
			"to": [7, 10, 7],
			"faces": {
				"north": {"uv": [9, 6, 10, 8], "texture": "#torch"},
				"east": {"uv": [9, 6, 10, 8], "texture": "#torch"},
				"south": {"uv": [9, 6, 10, 8], "texture": "#torch"},
				"west": {"uv": [9, 6, 10, 8], "texture": "#torch"},
				"up": {"uv": [9, 6, 10, 8], "texture": "#torch"},
				"down": {"uv": [8, 8, 9, 9], "texture": "#torch"}
			}
		},
		{
			"from": [6, 8, 6],
			"to": [7, 10, 7],
			"faces": {
				"north": {"uv": [9, 6, 10, 8], "texture": "#torch"},
				"east": {"uv": [9, 6, 10, 8], "texture": "#torch"},
				"south": {"uv": [9, 6, 10, 8], "texture": "#torch"},
				"west": {"uv": [9, 6, 10, 8], "texture": "#torch"},
				"up": {"uv": [9, 6, 10, 8], "texture": "#torch"},
				"down": {"uv": [8, 8, 9, 9], "texture": "#torch"}
			}
		},
		{
			"from": [9, 8, 6],
			"to": [10, 10, 7],
			"faces": {
				"north": {"uv": [9, 6, 10, 8], "texture": "#torch"},
				"east": {"uv": [9, 6, 10, 8], "texture": "#torch"},
				"south": {"uv": [9, 6, 10, 8], "texture": "#torch"},
				"west": {"uv": [9, 6, 10, 8], "texture": "#torch"},
				"up": {"uv": [9, 6, 10, 8], "texture": "#torch"},
				"down": {"uv": [8, 8, 9, 9], "texture": "#torch"}
			}
		},
		{
			"from": [9, 8, 9],
			"to": [10, 10, 10],
			"faces": {
				"north": {"uv": [9, 6, 10, 8], "texture": "#torch"},
				"east": {"uv": [9, 6, 10, 8], "texture": "#torch"},
				"south": {"uv": [9, 6, 10, 8], "texture": "#torch"},
				"west": {"uv": [9, 6, 10, 8], "texture": "#torch"},
				"up": {"uv": [9, 6, 10, 8], "texture": "#torch"},
				"down": {"uv": [8, 8, 9, 9], "texture": "#torch"}
			}
		},
		{
			"from": [6, 8, 9],
			"to": [7, 10, 10],
			"faces": {
				"north": {"uv": [9, 6, 10, 8], "texture": "#torch"},
				"east": {"uv": [9, 6, 10, 8], "texture": "#torch"},
				"south": {"uv": [9, 6, 10, 8], "texture": "#torch"},
				"west": {"uv": [9, 6, 10, 8], "texture": "#torch"},
				"up": {"uv": [9, 6, 10, 8], "texture": "#torch"},
				"down": {"uv": [8, 8, 9, 9], "texture": "#torch"}
			}
		},
		{
			"from": [7, 7, 6],
			"to": [9, 8, 10],
			"faces": {
				"north": {"uv": [7, 8, 9, 9], "texture": "#torch"},
				"east": {"uv": [7, 8, 9, 9], "texture": "#torch"},
				"south": {"uv": [7, 8, 9, 9], "texture": "#torch"},
				"west": {"uv": [7, 8, 9, 9], "texture": "#torch"},
				"up": {"uv": [7, 8, 9, 9], "texture": "#torch"},
				"down": {"uv": [7, 8, 9, 9], "texture": "#torch"}
			}
		},
		{
			"from": [6, 7, 7],
			"to": [10, 8, 9],
			"faces": {
				"north": {"uv": [7, 8, 9, 9], "texture": "#torch"},
				"east": {"uv": [7, 8, 9, 9], "texture": "#torch"},
				"south": {"uv": [7, 8, 9, 9], "texture": "#torch"},
				"west": {"uv": [7, 8, 9, 9], "texture": "#torch"},
				"up": {"uv": [7, 8, 9, 9], "texture": "#torch"},
				"down": {"uv": [7, 8, 9, 9], "texture": "#torch"}
			}
		},
		{
			"from": [7, 10, 9],
			"to": [9, 11, 10],
			"faces": {
				"north": {"uv": [7, 5, 9, 6], "texture": "#torch"},
				"east": {"uv": [7, 5, 9, 6], "texture": "#torch"},
				"south": {"uv": [7, 5, 9, 6], "texture": "#torch"},
				"west": {"uv": [7, 5, 9, 6], "texture": "#torch"},
				"up": {"uv": [7, 5, 9, 6], "texture": "#torch"},
				"down": {"uv": [7, 5, 9, 6], "texture": "#torch"}
			}
		},
		{
			"from": [7, 10, 6],
			"to": [9, 11, 7],
			"faces": {
				"north": {"uv": [7, 5, 9, 6], "texture": "#torch"},
				"east": {"uv": [7, 5, 9, 6], "texture": "#torch"},
				"south": {"uv": [7, 5, 9, 6], "texture": "#torch"},
				"west": {"uv": [7, 5, 9, 6], "texture": "#torch"},
				"up": {"uv": [7, 5, 9, 6], "texture": "#torch"},
				"down": {"uv": [7, 5, 9, 6], "texture": "#torch"}
			}
		},
		{
			"from": [6, 10, 7],
			"to": [7, 11, 9],
			"faces": {
				"north": {"uv": [7, 5, 9, 6], "texture": "#torch"},
				"east": {"uv": [7, 5, 9, 6], "texture": "#torch"},
				"south": {"uv": [7, 5, 9, 6], "texture": "#torch"},
				"west": {"uv": [7, 5, 9, 6], "texture": "#torch"},
				"up": {"uv": [7, 5, 9, 6], "texture": "#torch"},
				"down": {"uv": [7, 5, 9, 6], "texture": "#torch"}
			}
		},
		{
			"from": [9, 10, 7],
			"to": [10, 11, 9],
			"faces": {
				"north": {"uv": [7, 5, 9, 6], "texture": "#torch"},
				"east": {"uv": [7, 5, 9, 6], "texture": "#torch"},
				"south": {"uv": [7, 5, 9, 6], "texture": "#torch"},
				"west": {"uv": [7, 5, 9, 6], "texture": "#torch"},
				"up": {"uv": [7, 5, 9, 6], "texture": "#torch"},
				"down": {"uv": [7, 5, 9, 6], "texture": "#torch"}
			}
		},
		{
			"from": [7, 8, 8.5],
			"to": [9, 10, 9.5],
			"faces": {
				"north": {"uv": [7, 6, 9, 8], "texture": "#torch"},
				"east": {"uv": [7, 6, 9, 8], "texture": "#torch"},
				"south": {"uv": [7, 6, 9, 8], "texture": "#torch"},
				"west": {"uv": [7, 6, 9, 8], "texture": "#torch"},
				"up": {"uv": [7, 6, 9, 8], "texture": "#torch"},
				"down": {"uv": [7, 6, 9, 8], "texture": "#torch"}
			}
		},
		{
			"from": [7, 8, 6.5],
			"to": [9, 10, 7.5],
			"faces": {
				"north": {"uv": [7, 6, 9, 8], "texture": "#torch"},
				"east": {"uv": [7, 6, 9, 8], "texture": "#torch"},
				"south": {"uv": [7, 6, 9, 8], "texture": "#torch"},
				"west": {"uv": [7, 6, 9, 8], "texture": "#torch"},
				"up": {"uv": [7, 6, 9, 8], "texture": "#torch"},
				"down": {"uv": [7, 6, 9, 8], "texture": "#torch"}
			}
		},
		{
			"from": [8.5, 8, 7],
			"to": [9.5, 10, 9],
			"faces": {
				"north": {"uv": [7, 6, 9, 8], "texture": "#torch"},
				"east": {"uv": [7, 6, 9, 8], "texture": "#torch"},
				"south": {"uv": [7, 6, 9, 8], "texture": "#torch"},
				"west": {"uv": [7, 6, 9, 8], "texture": "#torch"},
				"up": {"uv": [7, 6, 9, 8], "texture": "#torch"},
				"down": {"uv": [7, 6, 9, 8], "texture": "#torch"}
			}
		},
		{
			"from": [6.5, 8, 7],
			"to": [7.5, 10, 9],
			"faces": {
				"north": {"uv": [7, 6, 9, 8], "texture": "#torch"},
				"east": {"uv": [7, 6, 9, 8], "texture": "#torch"},
				"south": {"uv": [7, 6, 9, 8], "texture": "#torch"},
				"west": {"uv": [7, 6, 9, 8], "texture": "#torch"},
				"up": {"uv": [7, 6, 9, 8], "texture": "#torch"},
				"down": {"uv": [7, 6, 9, 8], "texture": "#torch"}
			}
		},
		{
			"from": [7, 9.5, 7],
			"to": [9, 10.5, 9],
			"faces": {
				"north": {"uv": [7, 6, 9, 8], "texture": "#torch"},
				"east": {"uv": [7, 6, 9, 8], "texture": "#torch"},
				"south": {"uv": [7, 6, 9, 8], "texture": "#torch"},
				"west": {"uv": [7, 6, 9, 8], "texture": "#torch"},
				"up": {"uv": [7, 6, 9, 8], "texture": "#torch"},
				"down": {"uv": [7, 6, 9, 8], "texture": "#torch"}
			}
		}
	],
	"display": {
		"thirdperson_righthand": {
			"translation": [0, 3, 2],
			"scale": [0.95, 0.95, 0.95]
		},
		"thirdperson_lefthand": {
			"translation": [0, 3, 1.75]
		},
		"firstperson_righthand": {
			"rotation": [-15, 0, -3],
			"translation": [0.75, 5.5, 0]
		},
		"firstperson_lefthand": {
			"rotation": [-15, 0, -3],
			"translation": [1, 5.5, 0]
		},
		"ground": {
			"translation": [0, 1.75, 0],
			"scale": [0.66, 0.66, 0.66]
		},
		"gui": {
			"rotation": [25, 45, 0],
			"translation": [0, 1.25, 0]
		},
		"head": {
			"translation": [0, 14.25, 0]
		}
	}
}