{
	"credit": "Made with Blockbench",
	"ambientocclusion": false,
	"textures": {
		"particle": "block/redstone_torch",
		"torch": "block/redstone_torch"
	},
	"elements": [
		{
			"from": [-1, 3.5, 7],
			"to": [1, 13.5, 9],
			"shade": false,
			"rotation": {"angle": -22.5, "axis": "z", "origin": [0, 3.5, 8]},
			"faces": {
				"north": {"uv": [7, 6, 9, 16], "texture": "#torch"},
				"east": {"uv": [7, 6, 9, 16], "texture": "#torch"},
				"south": {"uv": [7, 6, 9, 16], "texture": "#torch"},
				"west": {"uv": [7, 6, 9, 16], "texture": "#torch"},
				"up": {"uv": [7, 6, 9, 8], "texture": "#torch"},
				"down": {"uv": [7, 13, 9, 15], "texture": "#torch"}
			}
		},
		{
			"from": [1, 11, 6],
			"to": [2, 13, 7],
			"rotation": {"angle": -22.5, "axis": "z", "origin": [3, 11, 8]},
			"faces": {
				"north": {"uv": [9, 6, 10, 8], "texture": "#torch"},
				"east": {"uv": [9, 6, 10, 8], "texture": "#torch"},
				"south": {"uv": [9, 6, 10, 8], "texture": "#torch"},
				"west": {"uv": [9, 6, 10, 8], "texture": "#torch"},
				"up": {"uv": [9, 6, 10, 8], "texture": "#torch"},
				"down": {"uv": [8, 8, 9, 9], "texture": "#torch"}
			}
		},
		{
			"from": [1, 11, 6],
			"to": [2, 13, 7],
			"rotation": {"angle": -22.5, "axis": "z", "origin": [3, 11, 8]},
			"faces": {
				"north": {"uv": [9, 6, 10, 8], "texture": "#torch"},
				"east": {"uv": [9, 6, 10, 8], "texture": "#torch"},
				"south": {"uv": [9, 6, 10, 8], "texture": "#torch"},
				"west": {"uv": [9, 6, 10, 8], "texture": "#torch"},
				"up": {"uv": [9, 6, 10, 8], "texture": "#torch"},
				"down": {"uv": [8, 8, 9, 9], "texture": "#torch"}
			}
		},
		{
			"from": [4, 11, 6],
			"to": [5, 13, 7],
			"rotation": {"angle": -22.5, "axis": "z", "origin": [3, 11, 8]},
			"faces": {
				"north": {"uv": [9, 6, 10, 8], "texture": "#torch"},
				"east": {"uv": [9, 6, 10, 8], "texture": "#torch"},
				"south": {"uv": [9, 6, 10, 8], "texture": "#torch"},
				"west": {"uv": [9, 6, 10, 8], "texture": "#torch"},
				"up": {"uv": [9, 6, 10, 8], "texture": "#torch"},
				"down": {"uv": [8, 8, 9, 9], "texture": "#torch"}
			}
		},
		{
			"from": [4, 11, 9],
			"to": [5, 13, 10],
			"rotation": {"angle": -22.5, "axis": "z", "origin": [3, 11, 8]},
			"faces": {
				"north": {"uv": [9, 6, 10, 8], "texture": "#torch"},
				"east": {"uv": [9, 6, 10, 8], "texture": "#torch"},
				"south": {"uv": [9, 6, 10, 8], "texture": "#torch"},
				"west": {"uv": [9, 6, 10, 8], "texture": "#torch"},
				"up": {"uv": [9, 6, 10, 8], "texture": "#torch"},
				"down": {"uv": [8, 8, 9, 9], "texture": "#torch"}
			}
		},
		{
			"from": [1, 11, 9],
			"to": [2, 13, 10],
			"rotation": {"angle": -22.5, "axis": "z", "origin": [3, 11, 8]},
			"faces": {
				"north": {"uv": [9, 6, 10, 8], "texture": "#torch"},
				"east": {"uv": [9, 6, 10, 8], "texture": "#torch"},
				"south": {"uv": [9, 6, 10, 8], "texture": "#torch"},
				"west": {"uv": [9, 6, 10, 8], "texture": "#torch"},
				"up": {"uv": [9, 6, 10, 8], "texture": "#torch"},
				"down": {"uv": [8, 8, 9, 9], "texture": "#torch"}
			}
		},
		{
			"from": [2, 10, 6],
			"to": [4, 11, 10],
			"rotation": {"angle": -22.5, "axis": "z", "origin": [3, 11, 8]},
			"faces": {
				"north": {"uv": [7, 8, 9, 9], "texture": "#torch"},
				"east": {"uv": [7, 8, 9, 9], "texture": "#torch"},
				"south": {"uv": [7, 8, 9, 9], "texture": "#torch"},
				"west": {"uv": [7, 8, 9, 9], "texture": "#torch"},
				"up": {"uv": [7, 8, 9, 9], "texture": "#torch"},
				"down": {"uv": [7, 8, 9, 9], "texture": "#torch"}
			}
		},
		{
			"from": [1, 10, 7],
			"to": [5, 11, 9],
			"rotation": {"angle": -22.5, "axis": "z", "origin": [3, 11, 8]},
			"faces": {
				"north": {"uv": [7, 8, 9, 9], "texture": "#torch"},
				"east": {"uv": [7, 8, 9, 9], "texture": "#torch"},
				"south": {"uv": [7, 8, 9, 9], "texture": "#torch"},
				"west": {"uv": [7, 8, 9, 9], "texture": "#torch"},
				"up": {"uv": [7, 8, 9, 9], "texture": "#torch"},
				"down": {"uv": [7, 8, 9, 9], "texture": "#torch"}
			}
		},
		{
			"from": [2, 13, 9],
			"to": [4, 14, 10],
			"rotation": {"angle": -22.5, "axis": "z", "origin": [3, 11, 8]},
			"faces": {
				"north": {"uv": [7, 5, 9, 6], "texture": "#torch"},
				"east": {"uv": [7, 5, 9, 6], "texture": "#torch"},
				"south": {"uv": [7, 5, 9, 6], "texture": "#torch"},
				"west": {"uv": [7, 5, 9, 6], "texture": "#torch"},
				"up": {"uv": [7, 5, 9, 6], "texture": "#torch"},
				"down": {"uv": [7, 5, 9, 6], "texture": "#torch"}
			}
		},
		{
			"from": [2, 13, 6],
			"to": [4, 14, 7],
			"rotation": {"angle": -22.5, "axis": "z", "origin": [3, 11, 8]},
			"faces": {
				"north": {"uv": [7, 5, 9, 6], "texture": "#torch"},
				"east": {"uv": [7, 5, 9, 6], "texture": "#torch"},
				"south": {"uv": [7, 5, 9, 6], "texture": "#torch"},
				"west": {"uv": [7, 5, 9, 6], "texture": "#torch"},
				"up": {"uv": [7, 5, 9, 6], "texture": "#torch"},
				"down": {"uv": [7, 5, 9, 6], "texture": "#torch"}
			}
		},
		{
			"from": [1, 13, 7],
			"to": [2, 14, 9],
			"rotation": {"angle": -22.5, "axis": "z", "origin": [3, 11, 8]},
			"faces": {
				"north": {"uv": [7, 5, 9, 6], "texture": "#torch"},
				"east": {"uv": [7, 5, 9, 6], "texture": "#torch"},
				"south": {"uv": [7, 5, 9, 6], "texture": "#torch"},
				"west": {"uv": [7, 5, 9, 6], "texture": "#torch"},
				"up": {"uv": [7, 5, 9, 6], "texture": "#torch"},
				"down": {"uv": [7, 5, 9, 6], "texture": "#torch"}
			}
		},
		{
			"from": [4, 13, 7],
			"to": [5, 14, 9],
			"rotation": {"angle": -22.5, "axis": "z", "origin": [3, 11, 8]},
			"faces": {
				"north": {"uv": [7, 5, 9, 6], "texture": "#torch"},
				"east": {"uv": [7, 5, 9, 6], "texture": "#torch"},
				"south": {"uv": [7, 5, 9, 6], "texture": "#torch"},
				"west": {"uv": [7, 5, 9, 6], "texture": "#torch"},
				"up": {"uv": [7, 5, 9, 6], "texture": "#torch"},
				"down": {"uv": [7, 5, 9, 6], "texture": "#torch"}
			}
		},
		{
			"from": [2, 11, 8.5],
			"to": [4, 13, 9.5],
			"rotation": {"angle": -22.5, "axis": "z", "origin": [3, 11, 8]},
			"faces": {
				"north": {"uv": [7, 6, 9, 8], "texture": "#torch"},
				"east": {"uv": [7, 6, 9, 8], "texture": "#torch"},
				"south": {"uv": [7, 6, 9, 8], "texture": "#torch"},
				"west": {"uv": [7, 6, 9, 8], "texture": "#torch"},
				"up": {"uv": [7, 6, 9, 8], "texture": "#torch"},
				"down": {"uv": [7, 6, 9, 8], "texture": "#torch"}
			}
		},
		{
			"from": [3.5, 11, 7],
			"to": [4.5, 13, 9],
			"rotation": {"angle": -22.5, "axis": "z", "origin": [3, 11, 8]},
			"faces": {
				"north": {"uv": [7, 6, 9, 8], "texture": "#torch"},
				"east": {"uv": [7, 6, 9, 8], "texture": "#torch"},
				"south": {"uv": [7, 6, 9, 8], "texture": "#torch"},
				"west": {"uv": [7, 6, 9, 8], "texture": "#torch"},
				"up": {"uv": [7, 6, 9, 8], "texture": "#torch"},
				"down": {"uv": [7, 6, 9, 8], "texture": "#torch"}
			}
		},
		{
			"from": [1.5, 11, 7],
			"to": [2.5, 13, 9],
			"rotation": {"angle": -22.5, "axis": "z", "origin": [3, 11, 8]},
			"faces": {
				"north": {"uv": [7, 6, 9, 8], "texture": "#torch"},
				"east": {"uv": [7, 6, 9, 8], "texture": "#torch"},
				"south": {"uv": [7, 6, 9, 8], "texture": "#torch"},
				"west": {"uv": [7, 6, 9, 8], "texture": "#torch"},
				"up": {"uv": [7, 6, 9, 8], "texture": "#torch"},
				"down": {"uv": [7, 6, 9, 8], "texture": "#torch"}
			}
		},
		{
			"from": [2, 12.5, 7],
			"to": [4, 13.5, 9],
			"rotation": {"angle": -22.5, "axis": "z", "origin": [3, 11, 8]},
			"faces": {
				"north": {"uv": [7, 6, 9, 8], "texture": "#torch"},
				"east": {"uv": [7, 6, 9, 8], "texture": "#torch"},
				"south": {"uv": [7, 6, 9, 8], "texture": "#torch"},
				"west": {"uv": [7, 6, 9, 8], "texture": "#torch"},
				"up": {"uv": [7, 6, 9, 8], "texture": "#torch"},
				"down": {"uv": [7, 6, 9, 8], "texture": "#torch"}
			}
		},
		{
			"from": [2, 11, 6.5],
			"to": [4, 13, 7.5],
			"rotation": {"angle": -22.5, "axis": "z", "origin": [3, 11, 8]},
			"faces": {
				"north": {"uv": [7, 6, 9, 8], "texture": "#torch"},
				"east": {"uv": [7, 6, 9, 8], "texture": "#torch"},
				"south": {"uv": [7, 6, 9, 8], "texture": "#torch"},
				"west": {"uv": [7, 6, 9, 8], "texture": "#torch"},
				"up": {"uv": [7, 6, 9, 8], "texture": "#torch"},
				"down": {"uv": [7, 6, 9, 8], "texture": "#torch"}
			}
		}
	],
	"groups": [0,
		{
			"name": "3d",
			"origin": [8, 8, 8],
			"children": [1, 2, 3, 4, 5, 6, 7, 8, 9, 10, 11, 12, 13, 14, 15, 16]
		}
	]
}