{
	"credit": "Made with Blockbench",
	"ambientocclusion": false,
	"textures": {
		"torch": "block/torch",
		"particle": "block/torch"
	},
	"elements": [
		{
			"from": [7, 0, 7],
			"to": [9, 10, 9],
			"shade": false,
			"faces": {
				"up": {"uv": [7, 6, 9, 8], "texture": "#torch"},
				"down": {"uv": [7, 13, 9, 15], "texture": "#torch"}
			}
		},
		{
			"from": [7, 0, 0],
			"to": [9, 16, 16],
			"shade": false,
			"faces": {
				"east": {"uv": [0, 0, 16, 16], "texture": "#torch"},
				"west": {"uv": [0, 0, 16, 16], "texture": "#torch"}
			}
		},
		{
			"from": [0, 0, 7],
			"to": [16, 16, 9],
			"shade": false,
			"faces": {
				"north": {"uv": [0, 0, 16, 16], "texture": "#torch"},
				"south": {"uv": [0, 0, 16, 16], "texture": "#torch"}
			}
		}
	],
	"display": {
		"thirdperson_righthand": {
			"translation": [0, 3, 2],
			"scale": [0.95, 0.95, 0.95]
		},
		"thirdperson_lefthand": {
			"translation": [0, 3, 1.75]
		},
		"firstperson_righthand": {
			"rotation": [-15, 0, -3],
			"translation": [0.75, 5.5, 0]
		},
		"firstperson_lefthand": {
			"rotation": [-15, 0, -3],
			"translation": [1, 5.5, 0]
		},
		"ground": {
			"translation": [0, 1.75, 0],
			"scale": [0.66, 0.66, 0.66]
		},
		"gui": {
			"rotation": [25, 45, 0],
			"translation": [0, 1.25, 0]
		},
		"head": {
			"translation": [0, 14.25, 0]
		}
	}
}